{
  "bleu": 20.08929207660325,
  "req_f1": 84.1277636279816,
  "match": 98.88059701123579,
  "score": 111.59347239621195,
  "joint_goal": 0.9490114464001144,
  "result": "[Infer][18]   match: 98.88  req_f1: 84.13  bleu: 20.09  score: 111.59  joint_goal: 0.949   TIME-665.072"
}