{
  "bleu": 0.7573128570685168,
  "req_f1": 29.59999969232,
  "match": 19.999999995,
  "score": 25.557312700728517,
  "joint_goal": 0.11111111110493826,
  "result": "[Infer][89]   match: 20.00  req_f1: 29.60  bleu: 0.76  score: 25.56  joint_goal: 0.111   TIME-9.285"
}