{
  "bleu": 0.9705056537329936,
  "req_f1": 39.25925888320989,
  "match": 24.99999999375,
  "score": 33.10013509221294,
  "joint_goal": 0.10555555554969136,
  "result": "[Infer][68]   match: 25.00  req_f1: 39.26  bleu: 0.97  score: 33.10  joint_goal: 0.106   TIME-9.678"
}