{
  "bleu": 21.642804581501547,
  "req_f1": 83.11812479967048,
  "match": 80.4651162753272,
  "score": 103.4344251190004,
  "joint_goal": 0.770731707304541,
  "result": "[Infer][89]   match: 80.47  req_f1: 83.12  bleu: 21.64  score: 103.43  joint_goal: 0.771   TIME-30.465"
}