{
  "bleu": 22.51038592703803,
  "req_f1": 83.01282001330391,
  "match": 85.12820512383958,
  "score": 106.58089849560977,
  "joint_goal": 0.874999999983428,
  "result": "[Infer][89]   match: 85.13  req_f1: 83.01  bleu: 22.51  score: 106.58  joint_goal: 0.875   TIME-24.570"
}