{
  "bleu": 0.003113027826678154,
  "req_f1": 18.390804250612884,
  "match": 2.499999999375,
  "score": 10.44851515282062,
  "joint_goal": 0.127777777770679,
  "result": "[Infer][89]   match: 2.50  req_f1: 18.39  bleu: 0.00  score: 10.45  joint_goal: 0.128   TIME-9.508"
}