{
  "bleu": 19.43705594551728,
  "req_f1": 85.1365010150237,
  "match": 97.74436089490644,
  "score": 110.87748690048235,
  "joint_goal": 0.9517625231734367,
  "result": "[Infer][18]   match: 97.74  req_f1: 85.14  bleu: 19.44  score: 110.88  joint_goal: 0.952   TIME-330.932"
}