{
  "bleu": 22.57764146340317,
  "req_f1": 84.7348682740474,
  "match": 82.5641025598685,
  "score": 106.22712688036113,
  "joint_goal": 0.8465909090748751,
  "result": "[Infer][89]   match: 82.56  req_f1: 84.73  bleu: 22.58  score: 106.23  joint_goal: 0.847   TIME-24.087"
}