{
  "bleu": 0.00811396513052162,
  "req_f1": 50.526315338005546,
  "match": 0.7518796991915879,
  "score": 25.64721148372909,
  "joint_goal": 0.014842300556310903,
  "result": "[Infer][18]   match: 0.75  req_f1: 50.53  bleu: 0.01  score: 25.65  joint_goal: 0.015   TIME-320.170"
}