{
  "bleu": 22.63657849269973,
  "req_f1": 79.51318408602383,
  "match": 98.49624059409801,
  "score": 111.64129083276065,
  "joint_goal": 0.9455958548977824,
  "result": "[Infer][18]   match: 98.50  req_f1: 79.51  bleu: 22.64  score: 111.64  joint_goal: 0.946   TIME-329.738"
}