{
  "bleu": 24.091590962287313,
  "req_f1": 86.13953438213954,
  "match": 96.99248119571484,
  "score": 115.65759875121451,
  "joint_goal": 0.9378238341725952,
  "result": "[Infer][18]   match: 96.99  req_f1: 86.14  bleu: 24.09  score: 115.66  joint_goal: 0.938   TIME-320.149"
}